order_id,order_date,product_id,category,amount,payment_method,quantity
O00001,2023-11-25,P904,Electronics,123.71,Cash on Delivery,2
O00002,2023-05-05,P784,Home,684.51,Credit Card,4
O00003,2024-02-14,P376,Electronics,333.85,Credit Card,2
O00004,2023-07-07,P375,Toys,866.74,Debit Card,5
O00005,2023-11-13,P811,Toys,621.08,PayPal,2
O00006,2023-04-01,P345,Books,49.26,Bank Transfer,3
O00007,2024-08-05,P336,Home,515.96,Debit Card,2
O00008,2023-10-17,P710,Clothing,886.69,Bank Transfer,4
O00009,2024-12-31,P304,Toys,672.73,Credit Card,3
O00010,2023-07-28,P152,Electronics,448.12,Credit Card,1
O00011,2024-09-03,P544,Clothing,310.68,Bank Transfer,3
O00012,2024-04-24,P920,Electronics,124.68,Bank Transfer,1
O00013,2024-12-13,P243,Clothing,582.92,PayPal,2
O00014,2024-08-06,P146,Electronics,937.48,Cash on Delivery,5
O00015,2024-11-11,P506,Toys,581.67,Debit Card,1
O00016,2023-02-03,P272,Clothing,486.09,Credit Card,2
O00017,2023-10-31,P209,Clothing,631.69,Cash on Delivery,5
O00018,2023-06-17,P171,Books,41.5,Debit Card,4
O00019,2023-09-04,P941,Beauty,55.04,Cash on Delivery,1
O00020,2023-07-22,P739,Sports,790.19,Cash on Delivery,3
O00021,2023-11-01,P539,Electronics,979.39,Debit Card,2
O00022,2024-11-14,P606,Sports,136.32,Bank Transfer,5
O00023,2023-10-10,P185,Toys,324.78,Bank Transfer,4
O00024,2024-04-25,P303,Clothing,760.5,Cash on Delivery,1
O00025,2024-07-29,P839,Sports,446.19,Debit Card,3
O00026,2023-01-05,P319,Home,269.93,PayPal,3
O00027,2023-01-19,P456,Toys,212.8,PayPal,1
O00028,2023-12-21,P869,Home,100.08,Bank Transfer,5
O00029,2024-04-01,P550,Clothing,608.28,Debit Card,1
O00030,2023-12-08,P378,Books,318.75,Cash on Delivery,3
O00031,2024-01-19,P129,Sports,352.96,Bank Transfer,2
O00032,2023-09-03,P977,Home,909.8,Debit Card,1
O00033,2024-01-30,P317,Clothing,214.19,Bank Transfer,3
O00034,2023-08-02,P108,Beauty,93.15,Debit Card,5
O00035,2024-08-17,P187,Clothing,910.66,Bank Transfer,2
O00036,2023-06-09,P121,Toys,803.52,Cash on Delivery,4
O00037,2023-04-17,P454,Sports,47.87,Debit Card,4
O00038,2024-11-14,P829,Electronics,423.05,Debit Card,5
O00039,2024-05-18,P859,Beauty,987.28,Cash on Delivery,4
O00040,2024-04-22,P219,Toys,260.19,Debit Card,4
O00041,2023-11-26,P307,Toys,840.57,Bank Transfer,3
O00042,2023-05-10,P570,Clothing,646.88,Bank Transfer,3
O00043,2023-10-16,P574,Clothing,101.11,PayPal,2
O00044,2024-12-27,P568,Electronics,583.73,Credit Card,4
O00045,2024-11-28,P117,Toys,685.06,PayPal,1
O00046,2023-07-09,P616,Beauty,785.54,Debit Card,2
O00047,2024-03-21,P425,Beauty,231.67,Debit Card,1
O00048,2024-06-28,P472,Toys,615.92,Bank Transfer,1
O00049,2024-06-26,P359,Books,39.16,Credit Card,1
O00050,2024-02-04,P744,Electronics,481.98,Credit Card,1
O00051,2023-12-30,P808,Clothing,440.78,Bank Transfer,5
O00052,2024-08-10,P131,Sports,967.45,Credit Card,5
O00053,2023-11-28,P991,Clothing,740.32,Cash on Delivery,1
O00054,2024-05-04,P990,Toys,253.44,Bank Transfer,2
O00055,2024-10-26,P716,Electronics,706.09,PayPal,1
O00056,2024-07-12,P597,Electronics,565.17,Debit Card,1
O00057,2024-03-12,P803,Clothing,569.8,Bank Transfer,4
O00058,2023-07-25,P291,Clothing,121.15,PayPal,2
O00059,2024-09-03,P999,Clothing,940.61,Cash on Delivery,4
O00060,2023-09-07,P955,Toys,572.15,Debit Card,1
O00061,2024-11-16,P182,Beauty,610.96,Bank Transfer,5
O00062,2023-11-02,P543,Electronics,385.58,Debit Card,5
O00063,2023-01-11,P444,Home,615.96,Cash on Delivery,5
O00064,2024-05-23,P161,Beauty,383.34,Credit Card,3
O00065,2024-11-07,P719,Toys,792.9,Bank Transfer,2
O00066,2023-06-16,P295,Beauty,158.7,Cash on Delivery,4
O00067,2024-01-12,P255,Home,878.48,Cash on Delivery,3
O00068,2024-11-20,P361,Electronics,486.27,Bank Transfer,2
O00069,2024-10-13,P735,Sports,151.76,PayPal,3
O00070,2023-10-31,P757,Books,434.2,Debit Card,3
O00071,2024-09-18,P411,Toys,467.59,Debit Card,1
O00072,2024-06-09,P208,Books,82.89,Debit Card,2
O00073,2024-10-29,P414,Books,405.91,Debit Card,2
O00074,2024-11-06,P571,Books,299.6,Credit Card,2
O00075,2024-08-26,P929,Beauty,881.76,Cash on Delivery,4
O00076,2023-06-07,P798,Clothing,132.05,Debit Card,5
O00077,2024-08-31,P747,Electronics,688.44,Bank Transfer,3
O00078,2023-07-18,P391,Clothing,589.33,Debit Card,3
O00079,2023-06-21,P753,Beauty,209.91,Credit Card,5
O00080,2023-04-22,P281,Home,992.37,Cash on Delivery,5
O00081,2024-12-31,P116,Clothing,287.84,Cash on Delivery,1
O00082,2024-04-18,P970,Books,872.16,Cash on Delivery,3
O00083,2023-04-30,P730,Toys,692.25,Credit Card,4
O00084,2023-05-25,P989,Books,139.5,PayPal,3
O00085,2023-07-30,P125,Toys,415.71,Debit Card,3
O00086,2024-01-11,P343,Home,343.53,PayPal,2
O00087,2023-02-18,P803,Sports,334.11,Bank Transfer,1
O00088,2024-01-17,P547,Beauty,168.85,Debit Card,1
O00089,2023-02-06,P297,Sports,315.08,Cash on Delivery,2
O00090,2023-08-21,P529,Beauty,48.09,Bank Transfer,3
O00091,2024-03-14,P552,Clothing,145.72,Bank Transfer,4
O00092,2023-05-28,P651,Books,864.18,Bank Transfer,2
O00093,2023-07-16,P386,Toys,756.0,Cash on Delivery,2
O00094,2023-11-07,P301,Toys,619.84,PayPal,2
O00095,2023-02-01,P461,Books,768.1,Debit Card,2
O00096,2023-07-18,P455,Home,250.2,Bank Transfer,2
O00097,2024-01-10,P474,Books,616.94,Credit Card,5
O00098,2023-04-21,P847,Home,195.7,Debit Card,1
O00099,2024-03-28,P836,Books,77.7,Bank Transfer,3
O00100,2023-02-08,P644,Books,823.16,PayPal,3
O00101,2024-12-04,P358,Sports,393.69,Credit Card,3
O00102,2024-01-16,P192,Electronics,685.89,PayPal,3
O00103,2024-04-27,P202,Sports,509.93,Bank Transfer,5
O00104,2024-01-04,P273,Clothing,712.88,Debit Card,1
O00105,2023-03-08,P803,Sports,748.27,Credit Card,5
O00106,2024-11-04,P623,Toys,165.4,Bank Transfer,4
O00107,2024-01-10,P193,Toys,762.24,PayPal,2
O00108,2024-12-20,P812,Beauty,258.59,Debit Card,5
O00109,2024-10-04,P752,Electronics,767.97,PayPal,4
O00110,2024-04-29,P593,Beauty,70.63,Cash on Delivery,4
O00111,2024-11-08,P122,Books,213.09,Cash on Delivery,4
O00112,2024-05-16,P141,Clothing,20.24,Debit Card,2
O00113,2024-02-09,P611,Beauty,588.91,PayPal,3
O00114,2023-04-07,P197,Toys,665.18,Bank Transfer,5
O00115,2023-12-27,P255,Toys,479.41,Bank Transfer,4
O00116,2024-08-28,P540,Books,220.34,Cash on Delivery,5
O00117,2024-04-07,P175,Toys,884.83,Debit Card,2
O00118,2024-12-16,P945,Beauty,633.35,Debit Card,5
O00119,2024-08-21,P835,Home,373.53,PayPal,4
O00120,2023-06-09,P144,Sports,902.9,Bank Transfer,4
O00121,2024-03-03,P997,Books,78.18,Credit Card,1
O00122,2023-03-10,P974,Toys,684.1,Cash on Delivery,1
O00123,2023-12-19,P185,Sports,493.49,Credit Card,5
O00124,2023-06-15,P367,Sports,882.09,Debit Card,2
O00125,2024-02-17,P185,Clothing,766.19,Debit Card,3
O00126,2024-01-25,P542,Beauty,927.59,PayPal,1
O00127,2023-08-20,P679,Home,464.78,PayPal,1
O00128,2023-10-28,P100,Sports,913.54,Credit Card,5
O00129,2024-07-10,P916,Sports,474.27,Bank Transfer,3
O00130,2024-02-24,P586,Beauty,659.48,Credit Card,1
O00131,2023-06-13,P499,Home,230.36,PayPal,3
O00132,2024-02-23,P528,Toys,234.89,PayPal,1
O00133,2024-11-20,P996,Clothing,643.81,PayPal,3
O00134,2023-11-14,P436,Electronics,246.86,Debit Card,5
O00135,2023-05-04,P343,Books,391.77,PayPal,3
O00136,2024-09-04,P355,Toys,921.09,Cash on Delivery,5
O00137,2024-08-30,P194,Books,212.35,Debit Card,4
O00138,2023-06-10,P828,Toys,855.87,PayPal,3
O00139,2023-12-31,P611,Electronics,576.26,PayPal,1
O00140,2024-04-07,P847,Books,677.18,Bank Transfer,4
O00141,2024-05-10,P218,Home,899.03,Credit Card,2
O00142,2023-02-21,P413,Clothing,400.42,Cash on Delivery,4
O00143,2023-02-06,P397,Beauty,42.77,PayPal,5
O00144,2024-05-12,P968,Toys,485.11,Credit Card,5
O00145,2024-06-04,P131,Toys,176.48,Credit Card,3
O00146,2024-04-01,P487,Electronics,208.63,Cash on Delivery,2
O00147,2023-12-06,P344,Books,90.44,Cash on Delivery,2
O00148,2023-06-03,P501,Sports,989.04,Debit Card,5
O00149,2024-09-06,P779,Beauty,650.43,Bank Transfer,2
O00150,2023-04-26,P575,Home,103.77,Debit Card,3
O00151,2023-08-21,P592,Clothing,920.82,Debit Card,2
O00152,2023-01-21,P171,Home,354.78,Cash on Delivery,1
O00153,2024-07-09,P438,Toys,153.32,Bank Transfer,2
O00154,2023-06-20,P232,Clothing,10.77,Credit Card,3
O00155,2023-01-20,P797,Books,26.91,Bank Transfer,5
O00156,2024-01-08,P610,Electronics,239.99,Debit Card,3
O00157,2023-03-29,P366,Toys,290.64,Bank Transfer,4
O00158,2024-04-01,P277,Sports,753.56,Debit Card,1
O00159,2023-01-10,P316,Toys,108.34,Bank Transfer,3
O00160,2023-02-08,P340,Books,38.39,Bank Transfer,2
O00161,2024-06-27,P727,Books,515.72,PayPal,3
O00162,2024-09-26,P927,Sports,313.86,Debit Card,2
O00163,2024-11-16,P186,Beauty,550.84,Cash on Delivery,2
O00164,2023-03-07,P624,Home,29.34,Credit Card,2
O00165,2023-06-19,P911,Electronics,373.56,Bank Transfer,4
O00166,2024-06-30,P850,Beauty,743.8,Debit Card,2
O00167,2024-11-16,P168,Books,605.52,PayPal,3
O00168,2024-11-01,P471,Electronics,206.89,Cash on Delivery,5
O00169,2024-07-26,P511,Electronics,557.39,PayPal,2
O00170,2023-01-03,P672,Beauty,84.99,Debit Card,1
O00171,2023-04-03,P711,Sports,975.06,Debit Card,2
O00172,2024-08-10,P365,Clothing,935.65,Bank Transfer,4
O00173,2024-03-19,P148,Electronics,272.4,Credit Card,2
O00174,2023-09-07,P536,Electronics,566.33,Cash on Delivery,1
O00175,2024-02-26,P364,Sports,658.05,Credit Card,3
O00176,2023-06-13,P679,Beauty,753.18,Bank Transfer,2
O00177,2024-09-11,P726,Clothing,807.12,Debit Card,2
O00178,2024-04-06,P434,Electronics,899.86,Debit Card,1
O00179,2023-02-23,P601,Books,632.23,Bank Transfer,4
O00180,2023-08-29,P842,Books,27.08,Bank Transfer,1
O00181,2023-03-31,P299,Toys,829.25,PayPal,4
O00182,2023-03-10,P801,Home,716.8,Bank Transfer,1
O00183,2023-02-18,P533,Toys,998.68,PayPal,1
O00184,2023-09-10,P809,Beauty,377.87,Debit Card,1
O00185,2023-10-17,P115,Books,396.0,Cash on Delivery,2
O00186,2024-02-09,P714,Toys,356.14,Debit Card,1
O00187,2024-05-19,P747,Books,455.91,PayPal,5
O00188,2023-08-16,P732,Home,731.89,Cash on Delivery,1
O00189,2023-01-15,P736,Beauty,62.79,PayPal,5
O00190,2023-08-10,P726,Toys,196.07,Credit Card,4
O00191,2024-02-22,P413,Home,312.71,PayPal,2
O00192,2023-03-19,P344,Toys,305.7,Bank Transfer,1
O00193,2023-06-25,P346,Beauty,508.0,Cash on Delivery,4
O00194,2024-03-25,P247,Books,437.45,PayPal,4
O00195,2024-04-09,P875,Toys,922.35,Credit Card,4
O00196,2024-05-02,P333,Beauty,395.6,Credit Card,1
O00197,2024-06-16,P299,Clothing,386.8,Cash on Delivery,4
O00198,2023-08-24,P367,Sports,405.85,Bank Transfer,2
O00199,2024-05-18,P298,Clothing,300.1,PayPal,2
O00200,2023-06-12,P617,Electronics,440.73,Cash on Delivery,4
O00201,2023-02-20,P382,Clothing,810.88,Credit Card,2
O00202,2023-07-31,P791,Toys,560.51,Credit Card,3
O00203,2024-09-06,P496,Toys,483.61,Cash on Delivery,2
O00204,2023-06-17,P453,Home,791.69,Bank Transfer,3
O00205,2024-03-03,P518,Books,560.9,Bank Transfer,2
O00206,2024-07-11,P714,Books,175.81,Cash on Delivery,3
O00207,2024-02-15,P906,Sports,876.88,Cash on Delivery,1
O00208,2023-01-03,P344,Beauty,761.26,Bank Transfer,4
O00209,2024-03-13,P777,Clothing,87.35,PayPal,3
O00210,2024-06-03,P314,Electronics,595.51,Credit Card,3
O00211,2024-03-02,P981,Beauty,812.92,Bank Transfer,3
O00212,2023-05-17,P836,Home,94.26,Credit Card,3
O00213,2024-06-15,P201,Clothing,883.69,Debit Card,3
O00214,2023-02-25,P435,Clothing,779.66,PayPal,3
O00215,2024-05-12,P833,Electronics,660.07,Cash on Delivery,5
O00216,2023-07-08,P754,Home,932.38,Credit Card,4
O00217,2023-10-24,P391,Sports,448.12,Credit Card,3
O00218,2024-03-17,P539,Toys,35.77,Cash on Delivery,5
O00219,2023-05-12,P518,Beauty,151.98,PayPal,2
O00220,2023-05-05,P720,Beauty,22.11,Debit Card,4
O00221,2023-12-08,P781,Electronics,589.5,Bank Transfer,4
O00222,2023-04-17,P112,Electronics,72.82,Cash on Delivery,2
O00223,2024-03-26,P167,Clothing,709.78,PayPal,4
O00224,2023-11-08,P140,Toys,140.82,Cash on Delivery,1
O00225,2023-09-18,P948,Beauty,796.59,Debit Card,1
O00226,2024-02-05,P211,Toys,501.08,Cash on Delivery,2
O00227,2024-04-06,P127,Sports,22.24,Credit Card,1
O00228,2024-08-28,P827,Home,64.45,Credit Card,5
O00229,2024-11-10,P489,Electronics,984.54,Cash on Delivery,4
O00230,2023-05-27,P348,Toys,938.29,PayPal,4
O00231,2023-01-22,P211,Books,827.46,Cash on Delivery,2
O00232,2024-08-14,P288,Beauty,305.07,Debit Card,1
O00233,2024-02-13,P413,Clothing,541.64,Cash on Delivery,5
O00234,2023-01-28,P754,Home,202.39,PayPal,2
O00235,2024-12-30,P465,Home,201.18,Debit Card,5
O00236,2024-12-09,P331,Home,562.13,Cash on Delivery,1
O00237,2024-08-20,P115,Electronics,701.57,Cash on Delivery,5
O00238,2023-12-17,P953,Sports,661.12,Cash on Delivery,4
O00239,2023-08-07,P111,Beauty,885.35,Credit Card,3
O00240,2024-05-08,P948,Sports,587.26,PayPal,1
O00241,2023-06-30,P752,Clothing,65.6,Bank Transfer,2
O00242,2024-12-07,P539,Beauty,626.11,PayPal,1
O00243,2023-02-27,P485,Clothing,397.27,PayPal,5
O00244,2023-05-28,P708,Clothing,206.74,PayPal,2
O00245,2024-02-12,P888,Toys,813.63,PayPal,2
O00246,2024-06-02,P822,Electronics,322.15,Bank Transfer,3
O00247,2024-03-13,P599,Beauty,596.53,Credit Card,4
O00248,2023-04-24,P658,Home,548.3,PayPal,4
O00249,2024-04-28,P678,Beauty,27.95,Bank Transfer,5
O00250,2023-07-21,P147,Sports,821.48,Cash on Delivery,3
O00251,2024-08-26,P962,Clothing,127.21,Cash on Delivery,2
O00252,2024-08-13,P245,Electronics,605.83,Credit Card,2
O00253,2024-08-06,P288,Beauty,125.02,Credit Card,3
O00254,2024-03-01,P990,Home,274.66,Credit Card,3
O00255,2024-06-11,P259,Electronics,327.93,Cash on Delivery,3
O00256,2024-07-25,P886,Sports,547.14,Debit Card,4
O00257,2023-03-12,P757,Clothing,692.64,Debit Card,2
O00258,2023-01-12,P587,Toys,760.33,Cash on Delivery,2
O00259,2024-10-04,P335,Home,924.69,Credit Card,1
O00260,2023-02-26,P337,Clothing,260.89,PayPal,2
O00261,2023-01-19,P149,Home,70.58,PayPal,1
O00262,2024-06-13,P240,Electronics,735.54,Debit Card,2
O00263,2024-11-21,P795,Sports,617.4,Credit Card,5
O00264,2023-08-15,P461,Beauty,118.61,Bank Transfer,1
O00265,2024-06-21,P464,Sports,608.43,PayPal,3
O00266,2024-01-21,P243,Books,121.03,PayPal,4
O00267,2023-09-26,P318,Clothing,914.35,Bank Transfer,5
O00268,2023-10-16,P911,Home,713.0,Debit Card,5
O00269,2024-04-18,P196,Toys,93.62,Debit Card,4
O00270,2023-04-15,P219,Home,368.5,Credit Card,2
O00271,2024-07-26,P789,Beauty,608.42,Bank Transfer,3
O00272,2024-03-10,P604,Books,645.04,Credit Card,4
O00273,2023-10-09,P904,Beauty,527.67,Cash on Delivery,4
O00274,2024-10-15,P721,Home,709.3,PayPal,1
O00275,2023-01-24,P298,Clothing,891.85,Credit Card,4
O00276,2023-02-05,P516,Toys,80.25,Credit Card,4
O00277,2024-03-15,P676,Sports,646.55,Debit Card,4
O00278,2024-12-13,P840,Home,609.23,Credit Card,4
O00279,2023-10-27,P543,Clothing,167.75,Credit Card,4
O00280,2024-10-03,P581,Books,453.36,PayPal,4
O00281,2024-11-29,P752,Toys,670.3,Cash on Delivery,4
O00282,2023-05-08,P708,Home,562.86,Credit Card,4
O00283,2023-03-09,P213,Clothing,112.62,Debit Card,1
O00284,2024-06-03,P384,Toys,715.34,Credit Card,5
O00285,2024-03-12,P701,Electronics,571.25,Credit Card,1
O00286,2023-11-02,P182,Sports,334.56,Credit Card,5
O00287,2023-01-10,P159,Books,201.86,Credit Card,3
O00288,2024-11-15,P226,Clothing,458.39,Bank Transfer,1
O00289,2023-06-11,P451,Beauty,363.34,PayPal,1
O00290,2023-11-20,P749,Toys,384.58,Debit Card,2
O00291,2023-05-19,P829,Electronics,584.09,Credit Card,2
O00292,2023-08-06,P535,Sports,457.36,Bank Transfer,3
O00293,2024-02-19,P412,Clothing,796.11,PayPal,4
O00294,2024-02-26,P681,Electronics,35.14,Bank Transfer,1
O00295,2024-08-25,P312,Toys,954.16,PayPal,1
O00296,2023-03-29,P170,Toys,367.5,Debit Card,5
O00297,2023-09-23,P854,Sports,452.63,Debit Card,1
O00298,2024-01-22,P632,Books,324.58,Bank Transfer,4
O00299,2024-11-28,P912,Clothing,684.57,Bank Transfer,5
O00300,2023-09-23,P871,Toys,949.66,Bank Transfer,5
O00301,2023-06-27,P334,Beauty,31.47,Bank Transfer,4
O00302,2023-11-25,P738,Electronics,368.11,Credit Card,4
O00303,2024-08-30,P753,Electronics,86.23,Bank Transfer,4
O00304,2023-06-30,P543,Books,939.63,Bank Transfer,4
O00305,2023-02-24,P516,Toys,305.53,PayPal,5
O00306,2024-03-22,P780,Beauty,10.26,Credit Card,2
O00307,2023-10-12,P313,Electronics,818.04,PayPal,4
O00308,2024-06-23,P207,Toys,501.84,Credit Card,4
O00309,2024-01-26,P599,Clothing,414.82,PayPal,5
O00310,2024-07-06,P176,Home,875.85,Cash on Delivery,1
O00311,2023-03-20,P334,Home,673.31,PayPal,2
O00312,2024-12-02,P673,Home,382.67,PayPal,5
O00313,2024-10-10,P675,Clothing,480.25,Cash on Delivery,2
O00314,2023-03-11,P342,Sports,254.04,PayPal,3
O00315,2023-06-21,P790,Books,189.2,PayPal,5
O00316,2023-05-16,P506,Beauty,638.38,Cash on Delivery,5
O00317,2024-01-28,P449,Clothing,610.1,Credit Card,3
O00318,2024-08-29,P559,Books,479.26,Bank Transfer,3
O00319,2023-10-22,P736,Toys,184.15,Credit Card,5
O00320,2024-05-06,P529,Books,255.83,Credit Card,3
O00321,2024-03-12,P218,Sports,748.82,Credit Card,2
O00322,2024-09-04,P625,Books,94.31,Debit Card,5
O00323,2024-06-13,P626,Home,48.47,Cash on Delivery,5
O00324,2024-08-10,P824,Books,565.47,Bank Transfer,3
O00325,2023-07-10,P902,Clothing,393.39,PayPal,3
O00326,2023-01-31,P977,Home,662.79,Cash on Delivery,1
O00327,2023-09-18,P153,Toys,502.43,Cash on Delivery,4
O00328,2023-12-11,P954,Books,130.68,Debit Card,1
O00329,2024-01-05,P920,Toys,336.55,Credit Card,2
O00330,2023-08-15,P251,Toys,899.96,Bank Transfer,3
O00331,2024-02-14,P406,Electronics,420.6,Credit Card,1
O00332,2024-11-20,P595,Electronics,606.75,Bank Transfer,2
O00333,2024-04-23,P215,Toys,542.0,Credit Card,2
O00334,2024-11-27,P223,Toys,442.58,Credit Card,4
O00335,2024-09-03,P254,Sports,678.78,Debit Card,4
O00336,2024-01-09,P793,Electronics,553.06,PayPal,2
O00337,2023-07-13,P785,Beauty,961.68,Credit Card,1
O00338,2023-09-08,P550,Beauty,187.2,Bank Transfer,5
O00339,2024-04-20,P184,Clothing,649.89,Cash on Delivery,5
O00340,2024-07-26,P535,Sports,412.51,Debit Card,1
O00341,2023-02-20,P283,Electronics,327.34,PayPal,1
O00342,2024-06-30,P673,Clothing,693.12,Cash on Delivery,5
O00343,2024-11-22,P846,Clothing,119.94,PayPal,5
O00344,2024-12-23,P307,Electronics,893.33,PayPal,5
O00345,2024-06-24,P931,Clothing,498.3,Bank Transfer,2
O00346,2023-05-30,P199,Sports,524.39,Credit Card,4
O00347,2023-02-13,P767,Electronics,571.53,Debit Card,4
O00348,2023-09-17,P522,Books,574.54,Credit Card,1
O00349,2023-10-09,P136,Sports,920.76,Credit Card,3
O00350,2023-05-12,P192,Sports,526.28,PayPal,4
O00351,2023-01-17,P768,Home,669.49,Credit Card,1
O00352,2024-09-30,P302,Books,726.03,Credit Card,1
O00353,2024-07-19,P574,Sports,278.67,PayPal,1
O00354,2023-10-23,P327,Toys,458.73,PayPal,5
O00355,2024-11-21,P696,Toys,862.27,Debit Card,1
O00356,2023-05-09,P467,Home,875.85,PayPal,2
O00357,2024-04-29,P873,Toys,556.86,Credit Card,1
O00358,2024-02-23,P573,Clothing,304.72,Bank Transfer,1
O00359,2023-01-06,P694,Home,351.37,Bank Transfer,2
O00360,2023-09-26,P938,Electronics,923.26,Cash on Delivery,5
O00361,2024-06-24,P874,Clothing,13.02,PayPal,1
O00362,2023-02-11,P264,Toys,535.23,Bank Transfer,1
O00363,2024-07-02,P185,Clothing,280.34,Bank Transfer,2
O00364,2023-11-28,P120,Beauty,655.48,Cash on Delivery,3
O00365,2023-02-18,P598,Beauty,402.01,Cash on Delivery,5
O00366,2023-06-22,P539,Electronics,446.58,Credit Card,5
O00367,2024-05-20,P628,Beauty,662.78,Cash on Delivery,4
O00368,2023-04-17,P698,Clothing,54.61,Debit Card,1
O00369,2024-08-14,P125,Toys,834.64,Bank Transfer,4
O00370,2024-05-21,P159,Beauty,810.26,Bank Transfer,2
O00371,2024-08-20,P332,Electronics,333.39,Credit Card,2
O00372,2023-04-27,P502,Beauty,936.89,Cash on Delivery,2
O00373,2023-06-24,P364,Home,444.24,Credit Card,3
O00374,2023-05-17,P736,Beauty,976.38,Debit Card,5
O00375,2024-08-19,P797,Beauty,154.37,PayPal,5
O00376,2024-12-10,P770,Clothing,701.08,Credit Card,3
O00377,2024-01-15,P373,Sports,195.99,Cash on Delivery,5
O00378,2023-05-03,P908,Clothing,98.4,Cash on Delivery,3
O00379,2023-09-27,P888,Sports,364.81,Cash on Delivery,3
O00380,2024-06-12,P475,Electronics,263.96,Cash on Delivery,5
O00381,2024-05-02,P944,Clothing,552.27,Cash on Delivery,4
O00382,2023-08-13,P417,Electronics,950.74,PayPal,5
O00383,2023-06-24,P567,Beauty,115.52,Bank Transfer,1
O00384,2024-10-21,P863,Beauty,415.71,Credit Card,2
O00385,2024-01-24,P632,Toys,51.18,Bank Transfer,3
O00386,2023-06-10,P511,Beauty,938.18,PayPal,1
O00387,2024-10-27,P469,Toys,192.15,Debit Card,5
O00388,2023-10-31,P258,Home,804.74,Debit Card,4
O00389,2023-07-27,P789,Electronics,563.61,Bank Transfer,5
O00390,2023-04-08,P539,Sports,712.07,Debit Card,4
O00391,2023-12-14,P189,Beauty,292.33,Credit Card,1
O00392,2024-05-14,P827,Toys,832.23,Bank Transfer,1
O00393,2024-07-23,P460,Beauty,40.4,PayPal,3
O00394,2023-01-01,P204,Electronics,532.35,Debit Card,5
O00395,2023-01-28,P817,Beauty,811.87,Debit Card,4
O00396,2024-10-10,P621,Books,6.59,Credit Card,4
O00397,2023-08-07,P943,Beauty,630.35,Cash on Delivery,3
O00398,2023-02-12,P960,Electronics,713.17,Cash on Delivery,5
O00399,2024-05-10,P415,Home,794.4,PayPal,5
O00400,2024-05-01,P838,Electronics,439.01,Debit Card,3
O00401,2024-06-18,P180,Sports,505.18,Debit Card,1
O00402,2024-05-11,P837,Toys,166.98,Debit Card,4
O00403,2023-06-28,P202,Beauty,589.86,Cash on Delivery,4
O00404,2023-11-09,P643,Toys,528.4,Bank Transfer,2
O00405,2023-11-23,P626,Home,568.22,Bank Transfer,4
O00406,2023-09-02,P963,Books,931.13,PayPal,2
O00407,2023-01-03,P263,Sports,325.86,PayPal,3
O00408,2023-05-19,P652,Clothing,721.29,PayPal,5
O00409,2023-11-24,P797,Books,467.72,PayPal,3
O00410,2024-09-13,P124,Electronics,968.46,Cash on Delivery,5
O00411,2024-01-30,P206,Books,743.32,Bank Transfer,4
O00412,2023-04-23,P616,Toys,135.99,Debit Card,3
O00413,2024-05-04,P327,Books,691.5,Debit Card,4
O00414,2023-03-19,P907,Toys,328.88,Bank Transfer,2
O00415,2024-03-06,P697,Beauty,469.55,PayPal,1
O00416,2023-10-28,P598,Sports,197.4,Bank Transfer,3
O00417,2023-12-15,P105,Sports,724.24,PayPal,1
O00418,2024-02-19,P156,Books,837.9,Credit Card,4
O00419,2024-09-05,P529,Beauty,138.89,Debit Card,4
O00420,2024-10-11,P164,Beauty,43.22,Debit Card,5
O00421,2023-04-10,P482,Home,895.24,Debit Card,1
O00422,2024-05-02,P334,Home,564.11,Credit Card,2
O00423,2023-02-18,P431,Electronics,972.1,Debit Card,1
O00424,2024-05-04,P521,Clothing,742.02,Cash on Delivery,4
O00425,2023-05-29,P244,Books,87.89,Credit Card,3
O00426,2023-02-12,P475,Toys,296.49,Credit Card,4
O00427,2024-09-10,P429,Home,983.93,Cash on Delivery,5
O00428,2024-07-07,P520,Electronics,902.72,Debit Card,5
O00429,2023-07-17,P323,Electronics,934.22,Cash on Delivery,4
O00430,2024-04-28,P555,Home,828.48,Bank Transfer,5
O00431,2023-11-11,P840,Home,743.61,PayPal,4
O00432,2024-08-24,P268,Clothing,269.68,Credit Card,2
O00433,2023-07-06,P344,Sports,663.54,Cash on Delivery,2
O00434,2024-06-30,P809,Beauty,522.63,PayPal,4
O00435,2024-01-18,P933,Sports,923.55,Debit Card,4
O00436,2023-09-08,P600,Books,173.81,Credit Card,1
O00437,2023-01-07,P622,Toys,889.82,PayPal,4
O00438,2023-06-05,P516,Sports,524.35,Debit Card,4
O00439,2024-02-12,P118,Clothing,150.62,Debit Card,2
O00440,2023-08-03,P743,Clothing,957.17,PayPal,2
O00441,2024-05-30,P923,Toys,721.24,Bank Transfer,5
O00442,2024-07-07,P583,Electronics,332.35,Credit Card,3
O00443,2023-08-28,P500,Sports,539.24,PayPal,2
O00444,2023-07-23,P603,Sports,148.59,PayPal,4
O00445,2024-10-20,P989,Clothing,134.22,Cash on Delivery,2
O00446,2024-07-21,P113,Home,245.9,Debit Card,4
O00447,2023-03-06,P247,Electronics,828.33,Bank Transfer,2
O00448,2024-06-14,P296,Home,971.31,Credit Card,4
O00449,2024-12-18,P112,Toys,362.72,Bank Transfer,1
O00450,2024-10-03,P204,Sports,609.24,Debit Card,3
O00451,2023-12-15,P654,Sports,265.78,Debit Card,4
O00452,2023-04-12,P909,Home,773.2,Cash on Delivery,2
O00453,2023-07-02,P324,Sports,93.0,Credit Card,1
O00454,2023-09-25,P175,Beauty,740.41,PayPal,4
O00455,2024-07-29,P413,Electronics,81.5,Debit Card,3
O00456,2024-02-01,P736,Toys,299.32,Debit Card,3
O00457,2024-09-24,P339,Toys,605.59,Cash on Delivery,2
O00458,2024-04-14,P774,Electronics,703.07,Credit Card,2
O00459,2023-02-21,P226,Toys,537.26,Credit Card,4
O00460,2023-07-30,P195,Home,574.27,Debit Card,1
O00461,2023-05-20,P376,Sports,575.48,Bank Transfer,2
O00462,2024-05-21,P459,Sports,402.94,Debit Card,2
O00463,2024-08-22,P213,Toys,522.91,PayPal,2
O00464,2024-10-28,P929,Home,433.85,Cash on Delivery,4
O00465,2023-11-07,P830,Clothing,948.97,Bank Transfer,4
O00466,2024-01-22,P746,Clothing,137.28,Cash on Delivery,2
O00467,2023-07-03,P390,Toys,161.11,Debit Card,4
O00468,2023-01-07,P169,Clothing,780.0,PayPal,1
O00469,2023-10-11,P500,Sports,71.55,Bank Transfer,4
O00470,2023-01-12,P944,Clothing,124.19,PayPal,1
O00471,2024-07-03,P734,Books,466.51,PayPal,4
O00472,2023-12-14,P972,Toys,956.45,Bank Transfer,5
O00473,2023-04-12,P623,Sports,389.71,PayPal,1
O00474,2024-08-25,P677,Books,132.33,Credit Card,3
O00475,2024-11-11,P345,Home,398.25,Cash on Delivery,2
O00476,2023-10-21,P448,Beauty,66.42,Bank Transfer,2
O00477,2023-09-02,P324,Toys,313.56,Debit Card,2
O00478,2024-12-28,P867,Toys,569.95,Cash on Delivery,2
O00479,2023-10-08,P841,Beauty,661.79,PayPal,5
O00480,2024-03-21,P478,Clothing,471.49,Debit Card,2
O00481,2023-09-23,P314,Sports,218.49,PayPal,2
O00482,2023-11-02,P352,Toys,747.44,Bank Transfer,3
O00483,2023-04-03,P834,Home,641.81,Bank Transfer,4
O00484,2024-01-02,P726,Electronics,280.58,PayPal,2
O00485,2023-05-18,P221,Clothing,321.15,Credit Card,5
O00486,2024-06-02,P613,Electronics,17.56,Bank Transfer,2
O00487,2023-03-28,P739,Beauty,746.25,Cash on Delivery,3
O00488,2023-07-15,P178,Toys,723.57,Cash on Delivery,5
O00489,2023-06-26,P219,Sports,251.76,Bank Transfer,4
O00490,2024-06-07,P617,Books,444.85,Bank Transfer,3
O00491,2023-03-15,P712,Books,960.15,PayPal,1
O00492,2024-04-28,P649,Books,442.44,PayPal,4
O00493,2023-10-19,P554,Toys,770.98,Credit Card,2
O00494,2024-10-12,P217,Beauty,171.07,Bank Transfer,5
O00495,2023-08-02,P492,Home,728.77,Debit Card,4
O00496,2024-10-24,P239,Home,225.47,Credit Card,5
O00497,2024-12-25,P687,Beauty,800.67,Bank Transfer,5
O00498,2024-01-13,P729,Sports,211.78,Cash on Delivery,4
O00499,2023-07-05,P576,Clothing,461.73,PayPal,5
O00500,2023-10-08,P845,Toys,514.68,Cash on Delivery,4
O00501,2024-07-05,P820,Sports,977.95,Bank Transfer,1
O00502,2024-12-07,P302,Sports,912.02,PayPal,5
O00503,2024-10-26,P253,Electronics,818.16,Credit Card,5
O00504,2024-04-23,P326,Toys,595.64,PayPal,3
O00505,2023-09-18,P622,Sports,776.8,Bank Transfer,1
O00506,2023-10-08,P720,Electronics,164.43,Credit Card,3
O00507,2024-11-18,P944,Sports,640.73,Bank Transfer,5
O00508,2024-06-17,P874,Toys,6.08,Credit Card,1
O00509,2023-10-22,P177,Sports,516.25,PayPal,1
O00510,2024-01-26,P523,Books,367.88,Debit Card,2
O00511,2023-12-04,P853,Toys,338.16,Bank Transfer,4
O00512,2023-06-02,P851,Toys,844.68,Bank Transfer,3
O00513,2023-04-14,P381,Sports,391.8,Debit Card,5
O00514,2023-08-06,P340,Sports,559.31,Bank Transfer,2
O00515,2023-03-17,P593,Beauty,158.08,Credit Card,4
O00516,2023-06-04,P535,Beauty,838.0,PayPal,2
O00517,2024-12-31,P826,Books,598.17,Credit Card,5
O00518,2024-01-06,P617,Sports,39.7,Cash on Delivery,3
O00519,2023-12-07,P169,Sports,92.63,Cash on Delivery,3
O00520,2023-08-13,P376,Beauty,945.8,Credit Card,1
O00521,2024-04-18,P129,Toys,822.43,Credit Card,2
O00522,2023-04-15,P349,Home,330.55,Credit Card,4
O00523,2024-04-11,P612,Clothing,464.29,Credit Card,5
O00524,2023-03-22,P855,Clothing,408.3,PayPal,1
O00525,2024-02-21,P547,Books,361.52,Credit Card,5
O00526,2024-01-12,P967,Clothing,90.11,PayPal,4
O00527,2024-05-28,P739,Home,346.79,PayPal,2
O00528,2024-05-17,P143,Clothing,531.42,Cash on Delivery,3
O00529,2024-02-13,P362,Electronics,131.54,Credit Card,3
O00530,2023-02-25,P582,Toys,76.44,PayPal,5
O00531,2023-12-21,P241,Sports,854.38,Cash on Delivery,3
O00532,2023-01-26,P966,Toys,307.47,Credit Card,1
O00533,2023-04-23,P976,Home,200.06,Cash on Delivery,3
O00534,2023-08-24,P773,Books,728.01,Credit Card,1
O00535,2024-06-27,P506,Electronics,705.23,Credit Card,5
O00536,2024-01-16,P412,Electronics,614.81,Bank Transfer,1
O00537,2023-04-04,P141,Books,324.66,Credit Card,3
O00538,2023-11-30,P249,Toys,487.21,Cash on Delivery,3
O00539,2024-07-08,P350,Sports,704.2,Credit Card,2
O00540,2024-09-19,P414,Books,353.89,Credit Card,5
O00541,2023-07-04,P305,Books,62.55,Credit Card,3
O00542,2024-07-21,P681,Electronics,963.28,Bank Transfer,1
O00543,2023-07-28,P787,Books,903.58,Cash on Delivery,3
O00544,2023-04-07,P872,Sports,859.15,Cash on Delivery,4
O00545,2024-07-17,P309,Sports,440.92,Credit Card,5
O00546,2024-12-11,P282,Beauty,700.84,Bank Transfer,3
O00547,2024-07-20,P986,Sports,553.33,Debit Card,4
O00548,2024-04-27,P831,Books,419.54,Cash on Delivery,4
O00549,2023-02-11,P333,Beauty,746.86,PayPal,2
O00550,2023-11-18,P286,Clothing,438.69,PayPal,1
O00551,2024-05-06,P839,Beauty,792.49,Cash on Delivery,5
O00552,2024-09-04,P622,Beauty,976.57,Debit Card,4
O00553,2023-07-25,P649,Sports,628.23,Debit Card,1
O00554,2023-06-30,P715,Sports,981.82,Credit Card,3
O00555,2024-05-27,P165,Home,325.38,Credit Card,1
O00556,2024-08-30,P474,Clothing,381.06,Bank Transfer,3
O00557,2024-11-02,P304,Clothing,796.83,Credit Card,2
O00558,2024-03-17,P732,Sports,418.0,PayPal,4
O00559,2024-03-17,P458,Books,818.2,Cash on Delivery,3
O00560,2024-07-25,P193,Clothing,333.84,Credit Card,4
O00561,2024-06-14,P834,Home,719.54,Credit Card,1
O00562,2023-03-05,P749,Beauty,247.08,Debit Card,1
O00563,2024-11-13,P666,Books,25.29,Bank Transfer,4
O00564,2024-06-16,P113,Books,946.48,PayPal,2
O00565,2024-10-26,P904,Sports,295.77,Credit Card,4
O00566,2024-05-01,P985,Electronics,459.69,Credit Card,5
O00567,2023-03-30,P952,Toys,685.65,Cash on Delivery,1
O00568,2023-07-21,P292,Books,737.1,PayPal,1
O00569,2023-06-07,P145,Clothing,721.86,Credit Card,1
O00570,2023-03-13,P251,Sports,508.21,Bank Transfer,1
O00571,2023-04-13,P987,Sports,755.58,Cash on Delivery,1
O00572,2023-06-16,P664,Books,569.63,Bank Transfer,1
O00573,2023-11-19,P352,Sports,528.58,Credit Card,2
O00574,2023-02-08,P684,Home,62.9,Cash on Delivery,1
O00575,2023-01-10,P138,Clothing,864.2,Bank Transfer,3
O00576,2024-08-19,P628,Sports,831.31,Credit Card,1
O00577,2023-04-19,P675,Electronics,803.7,Bank Transfer,2
O00578,2023-03-14,P998,Clothing,809.13,PayPal,4
O00579,2023-10-08,P508,Sports,206.65,Cash on Delivery,3
O00580,2024-05-14,P960,Beauty,535.12,Credit Card,2
O00581,2023-04-15,P395,Sports,62.12,Debit Card,5
O00582,2023-03-09,P125,Books,699.88,Cash on Delivery,1
O00583,2024-03-20,P345,Home,813.17,Bank Transfer,4
O00584,2024-03-19,P947,Beauty,407.98,Bank Transfer,2
O00585,2024-07-07,P802,Books,116.35,Debit Card,4
O00586,2023-07-30,P617,Toys,654.72,Bank Transfer,5
O00587,2023-10-23,P241,Beauty,909.01,Bank Transfer,1
O00588,2023-07-04,P696,Electronics,615.36,PayPal,2
O00589,2024-11-02,P582,Clothing,280.57,Cash on Delivery,5
O00590,2023-04-03,P639,Clothing,468.37,Debit Card,3
O00591,2023-09-29,P717,Beauty,101.51,Bank Transfer,3
O00592,2024-02-09,P420,Books,707.82,Debit Card,2
O00593,2024-09-01,P497,Toys,547.9,Bank Transfer,3
O00594,2023-04-09,P864,Home,664.48,Cash on Delivery,4
O00595,2024-03-28,P229,Toys,123.21,PayPal,3
O00596,2024-02-18,P726,Sports,386.26,Bank Transfer,3
O00597,2024-06-05,P834,Clothing,938.46,PayPal,1
O00598,2023-05-21,P593,Home,941.56,Credit Card,3
O00599,2023-05-11,P600,Clothing,217.63,Credit Card,3
O00600,2024-10-14,P912,Beauty,190.66,Bank Transfer,4
O00601,2024-08-01,P145,Books,303.45,Credit Card,2
O00602,2024-11-28,P420,Toys,423.17,Cash on Delivery,1
O00603,2024-06-03,P994,Home,428.86,Debit Card,5
O00604,2024-04-10,P805,Sports,454.18,Debit Card,5
O00605,2023-12-12,P642,Beauty,98.32,Cash on Delivery,1
O00606,2023-01-14,P712,Electronics,57.39,Cash on Delivery,5
O00607,2023-11-16,P778,Home,741.83,Credit Card,3
O00608,2024-10-26,P999,Sports,291.52,Bank Transfer,2
O00609,2024-02-25,P300,Electronics,52.46,Cash on Delivery,3
O00610,2023-04-30,P171,Beauty,899.11,Cash on Delivery,2
O00611,2023-03-07,P760,Home,849.03,Cash on Delivery,3
O00612,2023-12-11,P253,Books,681.72,Bank Transfer,4
O00613,2023-06-12,P923,Sports,652.85,PayPal,4
O00614,2023-11-04,P387,Books,479.0,Bank Transfer,4
O00615,2024-11-11,P123,Sports,575.2,PayPal,3
O00616,2024-08-26,P375,Electronics,645.93,Debit Card,2
O00617,2024-08-19,P178,Home,693.61,Bank Transfer,2
O00618,2023-12-26,P568,Sports,68.51,Cash on Delivery,5
O00619,2023-04-07,P522,Clothing,444.5,Debit Card,4
O00620,2024-12-14,P170,Clothing,846.37,PayPal,2
O00621,2024-06-12,P842,Beauty,529.34,Cash on Delivery,3
O00622,2024-05-28,P653,Home,399.74,Bank Transfer,1
O00623,2024-03-11,P312,Toys,297.43,Credit Card,3
O00624,2023-05-05,P737,Books,366.76,Cash on Delivery,4
O00625,2024-06-10,P443,Toys,434.59,Credit Card,2
O00626,2023-12-10,P689,Toys,578.71,Credit Card,4
O00627,2023-11-11,P479,Electronics,296.64,PayPal,1
O00628,2023-12-02,P967,Books,392.47,Cash on Delivery,3
O00629,2023-08-23,P641,Books,157.68,Cash on Delivery,4
O00630,2023-04-21,P286,Clothing,193.0,Bank Transfer,4
O00631,2023-11-20,P468,Books,719.46,Bank Transfer,3
O00632,2023-06-12,P326,Clothing,749.78,PayPal,5
O00633,2023-07-23,P475,Electronics,832.72,Bank Transfer,5
O00634,2023-03-10,P609,Books,431.87,Bank Transfer,4
O00635,2024-11-07,P139,Electronics,169.43,Debit Card,1
O00636,2023-10-08,P369,Beauty,536.94,Credit Card,4
O00637,2024-11-27,P360,Electronics,888.26,Bank Transfer,3
O00638,2024-01-22,P682,Sports,103.66,Cash on Delivery,2
O00639,2023-05-14,P721,Sports,72.8,PayPal,5
O00640,2024-06-16,P118,Sports,328.37,PayPal,3
O00641,2023-02-16,P261,Home,766.66,Credit Card,2
O00642,2023-04-14,P246,Sports,12.05,Credit Card,2
O00643,2024-09-08,P457,Electronics,498.05,Debit Card,2
O00644,2023-01-08,P193,Home,654.81,Cash on Delivery,1
O00645,2024-06-13,P510,Toys,939.82,Debit Card,5
O00646,2024-02-11,P854,Home,282.79,Bank Transfer,3
O00647,2024-03-04,P532,Toys,216.18,Bank Transfer,5
O00648,2024-10-28,P839,Sports,477.02,Debit Card,5
O00649,2023-08-23,P247,Beauty,113.33,Credit Card,4
O00650,2023-06-25,P193,Home,578.31,Bank Transfer,5
O00651,2023-12-17,P463,Clothing,428.15,Bank Transfer,3
O00652,2023-04-14,P509,Books,998.44,PayPal,2
O00653,2023-01-27,P803,Electronics,492.09,PayPal,5
O00654,2023-12-08,P358,Clothing,243.36,Credit Card,4
O00655,2023-09-05,P200,Sports,432.46,Debit Card,5
O00656,2023-07-30,P814,Home,468.1,Bank Transfer,3
O00657,2024-05-15,P797,Books,31.81,Credit Card,3
O00658,2024-07-18,P408,Home,970.59,Bank Transfer,3
O00659,2023-10-17,P399,Electronics,479.96,Bank Transfer,5
O00660,2024-09-21,P327,Beauty,370.3,Cash on Delivery,3
O00661,2023-10-10,P581,Home,195.2,Bank Transfer,5
O00662,2023-04-02,P425,Home,396.85,Cash on Delivery,5
O00663,2024-12-27,P531,Beauty,443.33,Bank Transfer,1
O00664,2023-03-11,P899,Sports,457.26,Bank Transfer,2
O00665,2023-08-03,P375,Clothing,893.99,Bank Transfer,3
O00666,2023-04-20,P407,Clothing,207.68,Debit Card,5
O00667,2024-12-28,P341,Toys,184.49,Bank Transfer,5
O00668,2024-09-08,P182,Toys,98.76,Credit Card,3
O00669,2023-05-14,P476,Sports,44.49,PayPal,5
O00670,2024-06-25,P916,Sports,562.28,PayPal,3
O00671,2023-03-14,P853,Toys,156.3,PayPal,2
O00672,2024-05-21,P216,Beauty,670.12,Credit Card,4
O00673,2023-10-01,P994,Electronics,771.92,Cash on Delivery,2
O00674,2023-04-03,P164,Home,246.13,Credit Card,5
O00675,2023-11-24,P375,Home,113.27,Bank Transfer,2
O00676,2024-05-19,P233,Sports,191.27,Debit Card,3
O00677,2024-01-01,P368,Clothing,921.71,Cash on Delivery,3
O00678,2023-06-22,P239,Books,21.46,Cash on Delivery,4
O00679,2023-06-15,P243,Home,292.81,Debit Card,3
O00680,2024-01-03,P759,Clothing,487.43,Bank Transfer,2
O00681,2024-04-27,P575,Toys,323.35,Debit Card,1
O00682,2024-06-01,P549,Home,255.79,Debit Card,5
O00683,2023-10-18,P320,Home,259.71,Debit Card,2
O00684,2023-03-18,P413,Sports,633.41,Cash on Delivery,2
O00685,2023-01-17,P459,Sports,682.28,Bank Transfer,3
O00686,2024-02-11,P591,Books,461.78,Credit Card,3
O00687,2024-06-05,P842,Clothing,985.7,Credit Card,4
O00688,2023-10-16,P523,Beauty,386.71,Debit Card,3
O00689,2024-11-05,P805,Books,416.22,PayPal,3
O00690,2023-06-30,P738,Books,59.65,PayPal,3
O00691,2024-06-04,P376,Electronics,384.29,Bank Transfer,3
O00692,2024-10-12,P136,Clothing,336.26,Bank Transfer,1
O00693,2023-05-09,P495,Toys,627.0,Cash on Delivery,3
O00694,2024-10-13,P383,Toys,9.69,Credit Card,1
O00695,2024-02-09,P752,Electronics,744.08,PayPal,2
O00696,2023-09-02,P855,Books,599.13,Cash on Delivery,1
O00697,2024-06-12,P368,Home,381.89,PayPal,3
O00698,2023-05-18,P487,Books,613.07,PayPal,4
O00699,2023-06-18,P903,Electronics,38.71,Credit Card,4
O00700,2024-05-14,P726,Clothing,473.12,Credit Card,4
O00701,2024-03-28,P892,Electronics,153.39,PayPal,3
O00702,2024-08-30,P113,Clothing,227.78,Credit Card,4
O00703,2024-12-05,P989,Clothing,259.12,Credit Card,1
O00704,2023-05-06,P136,Electronics,433.01,Credit Card,3
O00705,2024-05-07,P986,Beauty,989.69,Credit Card,1
O00706,2023-01-31,P247,Beauty,606.22,Debit Card,5
O00707,2024-07-15,P545,Toys,843.65,Credit Card,1
O00708,2023-09-25,P992,Sports,625.89,Bank Transfer,2
O00709,2023-07-12,P818,Clothing,440.48,Cash on Delivery,4
O00710,2023-04-08,P129,Beauty,696.4,PayPal,4
O00711,2023-03-26,P915,Sports,340.83,Credit Card,5
O00712,2023-10-08,P581,Home,161.9,Bank Transfer,1
O00713,2024-05-29,P994,Toys,603.52,Cash on Delivery,5
O00714,2024-08-22,P321,Clothing,160.11,Debit Card,2
O00715,2024-02-09,P899,Beauty,652.81,Cash on Delivery,5
O00716,2024-01-11,P904,Beauty,783.93,Debit Card,1
O00717,2023-08-22,P470,Sports,130.32,Bank Transfer,3
O00718,2023-08-25,P290,Electronics,152.75,Cash on Delivery,4
O00719,2023-12-02,P169,Electronics,453.55,Cash on Delivery,1
O00720,2024-02-25,P433,Home,708.21,PayPal,3
O00721,2023-12-16,P556,Home,763.08,Bank Transfer,1
O00722,2024-04-21,P709,Home,198.23,Bank Transfer,1
O00723,2023-04-28,P639,Clothing,573.09,PayPal,2
O00724,2024-06-21,P595,Electronics,954.85,Credit Card,1
O00725,2024-02-07,P471,Sports,950.56,Debit Card,2
O00726,2024-10-26,P667,Sports,903.13,Cash on Delivery,2
O00727,2023-11-17,P772,Home,960.39,Bank Transfer,1
O00728,2023-08-04,P817,Clothing,931.5,Credit Card,4
O00729,2024-04-25,P228,Toys,86.39,Cash on Delivery,2
O00730,2024-09-20,P433,Beauty,666.42,Bank Transfer,5
O00731,2024-04-06,P391,Books,210.49,Credit Card,1
O00732,2023-11-28,P916,Clothing,423.88,Debit Card,2
O00733,2024-04-26,P166,Sports,768.12,Cash on Delivery,3
O00734,2023-12-30,P108,Electronics,521.6,Credit Card,5
O00735,2023-06-16,P258,Books,526.85,Bank Transfer,1
O00736,2023-02-05,P884,Toys,824.95,Debit Card,1
O00737,2023-02-01,P903,Clothing,799.78,Cash on Delivery,2
O00738,2024-01-21,P254,Toys,143.13,Cash on Delivery,3
O00739,2024-07-07,P289,Home,45.78,Cash on Delivery,2
O00740,2023-01-08,P847,Electronics,214.72,Bank Transfer,5
O00741,2024-03-23,P362,Clothing,206.32,Bank Transfer,3
O00742,2024-07-01,P809,Home,228.92,PayPal,2
O00743,2023-07-02,P268,Clothing,495.67,Debit Card,1
O00744,2023-05-07,P699,Electronics,154.25,Debit Card,1
O00745,2024-12-24,P346,Home,258.91,Cash on Delivery,4
O00746,2024-04-27,P728,Sports,327.65,Debit Card,1
O00747,2024-08-23,P166,Clothing,502.17,Credit Card,5
O00748,2023-05-05,P100,Toys,260.79,Credit Card,5
O00749,2023-08-15,P248,Sports,795.06,PayPal,1
O00750,2024-07-31,P317,Electronics,951.32,Bank Transfer,4
O00751,2024-12-17,P302,Toys,783.55,Debit Card,4
O00752,2023-11-28,P409,Toys,187.52,Cash on Delivery,2
O00753,2024-07-28,P218,Beauty,598.75,Credit Card,4
O00754,2024-10-05,P961,Sports,907.76,Debit Card,4
O00755,2024-09-30,P310,Electronics,556.87,PayPal,4
O00756,2024-06-10,P562,Beauty,122.56,Debit Card,5
O00757,2023-06-09,P912,Toys,998.15,PayPal,1
O00758,2023-05-07,P776,Beauty,30.63,Debit Card,2
O00759,2024-07-24,P380,Clothing,946.97,Credit Card,1
O00760,2024-10-18,P738,Books,240.31,PayPal,5
O00761,2023-01-30,P283,Toys,924.07,Credit Card,5
O00762,2024-09-20,P435,Sports,868.99,PayPal,5
O00763,2023-09-07,P193,Toys,126.45,Credit Card,4
O00764,2023-11-29,P335,Toys,398.45,Cash on Delivery,1
O00765,2024-10-25,P995,Home,335.43,PayPal,1
O00766,2023-04-01,P942,Beauty,261.57,Debit Card,2
O00767,2023-12-07,P858,Books,741.15,Debit Card,1
O00768,2023-10-13,P500,Books,867.83,Cash on Delivery,2
O00769,2023-12-30,P961,Sports,213.88,Cash on Delivery,2
O00770,2023-05-20,P728,Books,770.48,Cash on Delivery,1
O00771,2024-10-21,P708,Toys,34.38,PayPal,4
O00772,2024-06-05,P311,Toys,223.75,PayPal,5
O00773,2024-12-13,P457,Books,466.23,PayPal,5
O00774,2023-04-02,P912,Beauty,646.3,Bank Transfer,3
O00775,2023-09-18,P711,Clothing,490.51,Credit Card,3
O00776,2024-01-01,P159,Toys,394.83,Debit Card,4
O00777,2023-02-27,P227,Beauty,521.19,PayPal,2
O00778,2024-12-04,P760,Sports,186.32,Bank Transfer,4
O00779,2024-02-17,P121,Beauty,799.01,Bank Transfer,4
O00780,2023-03-11,P986,Sports,161.25,PayPal,2
O00781,2024-12-29,P680,Beauty,250.69,Cash on Delivery,1
O00782,2023-10-04,P748,Electronics,273.24,Bank Transfer,1
O00783,2024-08-17,P645,Home,780.29,PayPal,1
O00784,2023-08-19,P864,Beauty,57.73,PayPal,3
O00785,2023-10-05,P252,Electronics,908.23,Debit Card,4
O00786,2024-10-19,P409,Beauty,410.3,Debit Card,1
O00787,2024-04-10,P432,Sports,653.94,PayPal,4
O00788,2024-10-21,P536,Sports,151.43,Cash on Delivery,3
O00789,2024-07-28,P892,Books,891.25,Cash on Delivery,3
O00790,2023-09-25,P760,Clothing,137.01,PayPal,2
O00791,2023-01-28,P501,Electronics,668.39,Credit Card,4
O00792,2024-08-24,P752,Home,375.96,Credit Card,1
O00793,2023-01-25,P859,Sports,43.79,Cash on Delivery,5
O00794,2023-02-09,P323,Electronics,401.59,Cash on Delivery,3
O00795,2024-04-24,P339,Toys,85.14,Cash on Delivery,2
O00796,2023-05-26,P815,Electronics,984.29,Credit Card,2
O00797,2024-03-25,P490,Electronics,982.47,Bank Transfer,5
O00798,2024-03-24,P407,Beauty,95.79,PayPal,3
O00799,2024-03-05,P802,Home,685.31,Debit Card,3
O00800,2024-05-12,P266,Home,268.96,Credit Card,4
O00801,2024-09-17,P169,Electronics,811.55,Credit Card,2
O00802,2024-02-12,P818,Home,77.96,Cash on Delivery,5
O00803,2024-09-09,P162,Home,131.25,PayPal,4
O00804,2024-01-18,P484,Electronics,316.23,Credit Card,4
O00805,2023-06-28,P187,Clothing,536.85,Debit Card,5
O00806,2024-06-28,P976,Toys,551.28,Cash on Delivery,3
O00807,2024-03-16,P245,Electronics,827.14,Credit Card,3
O00808,2024-01-09,P192,Home,15.79,PayPal,2
O00809,2023-04-04,P635,Home,649.12,Bank Transfer,1
O00810,2024-12-10,P309,Sports,90.5,PayPal,5
O00811,2024-01-22,P840,Electronics,253.73,Debit Card,4
O00812,2023-01-06,P163,Beauty,381.39,Credit Card,3
O00813,2023-02-04,P357,Books,89.97,Cash on Delivery,1
O00814,2024-07-09,P417,Toys,669.42,Bank Transfer,3
O00815,2024-01-24,P341,Books,569.94,PayPal,4
O00816,2024-06-25,P933,Beauty,305.0,Bank Transfer,5
O00817,2023-07-20,P466,Beauty,621.55,PayPal,1
O00818,2023-02-27,P744,Home,443.34,Bank Transfer,5
O00819,2024-03-03,P803,Electronics,299.53,Cash on Delivery,1
O00820,2024-07-30,P549,Electronics,530.23,PayPal,1
O00821,2024-03-27,P644,Toys,477.06,PayPal,2
O00822,2024-12-25,P707,Home,674.81,Debit Card,5
O00823,2024-11-17,P706,Electronics,702.01,Cash on Delivery,2
O00824,2024-07-29,P288,Electronics,749.22,Cash on Delivery,3
O00825,2023-03-08,P306,Electronics,824.99,Debit Card,3
O00826,2023-09-18,P529,Sports,427.18,Credit Card,4
O00827,2024-06-05,P392,Home,863.37,PayPal,2
O00828,2024-12-27,P273,Home,568.5,Credit Card,3
O00829,2024-12-27,P154,Beauty,558.81,Bank Transfer,4
O00830,2023-01-09,P780,Electronics,326.58,Bank Transfer,4
O00831,2024-07-05,P572,Beauty,251.31,Bank Transfer,5
O00832,2023-04-16,P630,Clothing,258.84,Cash on Delivery,2
O00833,2023-12-07,P440,Home,92.86,PayPal,1
O00834,2024-08-23,P975,Beauty,205.01,Credit Card,5
O00835,2024-03-01,P812,Sports,615.74,Cash on Delivery,1
O00836,2023-02-18,P692,Sports,131.74,Debit Card,4
O00837,2024-12-25,P740,Electronics,798.81,PayPal,3
O00838,2023-08-08,P711,Clothing,437.56,Debit Card,3
O00839,2023-12-26,P829,Clothing,538.49,Bank Transfer,3
O00840,2023-08-07,P536,Home,490.53,Debit Card,1
O00841,2023-02-22,P424,Clothing,191.68,Bank Transfer,2
O00842,2023-08-11,P536,Toys,829.75,Debit Card,1
O00843,2024-12-13,P110,Beauty,523.24,Bank Transfer,2
O00844,2024-02-14,P117,Books,227.74,PayPal,4
O00845,2024-08-02,P324,Sports,529.07,Bank Transfer,1
O00846,2023-11-09,P123,Beauty,996.94,Credit Card,2
O00847,2023-11-12,P487,Sports,328.73,PayPal,3
O00848,2024-09-17,P520,Books,596.96,PayPal,2
O00849,2023-12-18,P674,Electronics,859.1,PayPal,2
O00850,2024-04-18,P598,Home,83.96,Cash on Delivery,3
O00851,2024-01-31,P901,Sports,764.51,Debit Card,5
O00852,2024-05-28,P217,Toys,623.41,Bank Transfer,3
O00853,2024-04-27,P777,Clothing,440.05,PayPal,5
O00854,2024-01-30,P805,Electronics,587.01,PayPal,3
O00855,2024-10-16,P660,Home,103.67,Credit Card,1
O00856,2024-01-20,P381,Beauty,206.78,Debit Card,4
O00857,2023-06-29,P185,Books,892.25,Debit Card,5
O00858,2023-09-11,P300,Beauty,10.32,Cash on Delivery,4
O00859,2023-02-20,P527,Electronics,428.51,PayPal,1
O00860,2023-09-13,P239,Electronics,681.4,Debit Card,3
O00861,2023-10-10,P218,Books,957.34,Credit Card,4
O00862,2023-12-04,P853,Books,619.64,Debit Card,3
O00863,2024-03-13,P571,Toys,472.94,Bank Transfer,1
O00864,2023-11-30,P719,Electronics,825.8,Debit Card,1
O00865,2023-10-07,P914,Sports,633.9,Cash on Delivery,2
O00866,2024-06-04,P657,Sports,779.52,Cash on Delivery,3
O00867,2023-06-13,P425,Toys,421.93,Cash on Delivery,5
O00868,2024-01-06,P702,Toys,348.17,Debit Card,5
O00869,2023-09-06,P816,Clothing,334.6,Cash on Delivery,3
O00870,2023-08-12,P653,Books,480.8,Credit Card,2
O00871,2023-10-25,P931,Beauty,985.38,Credit Card,2
O00872,2023-03-24,P427,Books,364.2,Bank Transfer,5
O00873,2023-08-12,P216,Clothing,577.69,PayPal,1
O00874,2023-09-01,P345,Clothing,594.55,PayPal,1
O00875,2024-06-09,P426,Beauty,782.13,Bank Transfer,4
O00876,2023-08-06,P623,Beauty,40.21,Debit Card,3
O00877,2024-07-14,P708,Home,411.7,Cash on Delivery,5
O00878,2024-12-09,P187,Sports,647.51,Credit Card,5
O00879,2023-01-28,P424,Sports,656.53,Debit Card,2
O00880,2024-12-17,P576,Clothing,62.19,PayPal,2
O00881,2024-12-24,P688,Home,200.21,Cash on Delivery,5
O00882,2023-01-01,P840,Electronics,353.55,Debit Card,1
O00883,2024-06-29,P528,Beauty,84.92,Credit Card,3
O00884,2023-06-26,P579,Home,820.99,Credit Card,1
O00885,2024-12-23,P606,Beauty,247.32,Cash on Delivery,5
O00886,2024-12-12,P534,Clothing,986.13,Debit Card,2
O00887,2024-11-16,P712,Books,872.01,Cash on Delivery,1
O00888,2024-07-31,P584,Books,952.53,Credit Card,3
O00889,2024-07-17,P332,Electronics,240.56,Cash on Delivery,5
O00890,2023-10-07,P398,Home,228.39,Debit Card,5
O00891,2023-08-01,P191,Home,699.62,Bank Transfer,2
O00892,2024-08-30,P205,Toys,595.05,Debit Card,2
O00893,2023-01-21,P266,Electronics,393.14,Debit Card,5
O00894,2024-11-19,P932,Beauty,524.57,Bank Transfer,1
O00895,2024-07-26,P865,Books,425.84,Cash on Delivery,3
O00896,2023-03-22,P532,Beauty,806.87,Bank Transfer,5
O00897,2023-09-18,P966,Toys,183.81,Bank Transfer,2
O00898,2024-12-06,P450,Toys,35.99,Debit Card,1
O00899,2023-06-16,P475,Sports,841.37,Cash on Delivery,5
O00900,2023-08-16,P587,Books,72.93,PayPal,2
O00901,2024-07-05,P294,Beauty,261.63,PayPal,5
O00902,2023-11-05,P383,Sports,615.62,Bank Transfer,3
O00903,2023-10-13,P484,Sports,783.44,Bank Transfer,5
O00904,2023-02-08,P869,Electronics,857.65,Debit Card,5
O00905,2023-05-19,P517,Clothing,499.67,Credit Card,4
O00906,2024-08-09,P615,Clothing,868.02,Cash on Delivery,4
O00907,2024-10-29,P119,Books,775.4,Cash on Delivery,2
O00908,2023-02-16,P834,Toys,347.39,Debit Card,4
O00909,2023-05-27,P115,Toys,389.86,Credit Card,4
O00910,2024-03-03,P347,Sports,317.22,Credit Card,2
O00911,2023-04-29,P655,Home,605.38,PayPal,2
O00912,2024-07-12,P381,Books,252.76,Cash on Delivery,1
O00913,2024-04-15,P462,Sports,487.16,Debit Card,3
O00914,2023-11-12,P858,Electronics,121.45,PayPal,4
O00915,2023-12-15,P127,Home,740.92,Debit Card,5
O00916,2023-05-06,P752,Toys,22.25,Debit Card,1
O00917,2023-12-20,P313,Toys,306.23,Bank Transfer,1
O00918,2024-04-30,P930,Electronics,813.53,PayPal,2
O00919,2023-10-19,P926,Beauty,636.65,Credit Card,1
O00920,2024-08-09,P617,Toys,839.26,PayPal,2
O00921,2023-01-19,P298,Beauty,380.05,Bank Transfer,2
O00922,2023-11-02,P505,Home,174.67,Credit Card,3
O00923,2023-12-02,P267,Toys,516.04,Cash on Delivery,4
O00924,2024-10-04,P520,Toys,183.16,Bank Transfer,1
O00925,2023-02-25,P174,Sports,88.34,Cash on Delivery,2
O00926,2023-08-26,P414,Beauty,383.92,Debit Card,5
O00927,2024-01-17,P667,Books,929.6,Cash on Delivery,1
O00928,2023-07-02,P554,Home,215.41,PayPal,1
O00929,2023-05-11,P966,Books,995.64,Bank Transfer,5
O00930,2024-02-12,P796,Beauty,251.71,Credit Card,4
O00931,2024-02-13,P712,Toys,764.73,Bank Transfer,2
O00932,2024-08-20,P785,Books,880.45,Bank Transfer,4
O00933,2024-11-04,P907,Sports,292.93,PayPal,1
O00934,2024-04-28,P921,Sports,876.61,Bank Transfer,3
O00935,2023-03-28,P411,Home,934.98,Credit Card,3
O00936,2024-05-31,P296,Home,272.25,Bank Transfer,1
O00937,2024-06-21,P468,Home,304.06,Debit Card,3
O00938,2023-01-25,P643,Books,661.34,PayPal,2
O00939,2024-04-06,P892,Beauty,151.85,Credit Card,2
O00940,2024-07-06,P950,Toys,296.22,PayPal,3
O00941,2023-09-23,P437,Clothing,570.44,Credit Card,1
O00942,2023-10-04,P837,Toys,160.36,Bank Transfer,2
O00943,2024-09-13,P142,Beauty,853.49,Cash on Delivery,3
O00944,2024-08-19,P279,Electronics,136.59,Debit Card,3
O00945,2024-04-15,P720,Electronics,174.9,Cash on Delivery,4
O00946,2023-10-20,P202,Sports,796.52,Cash on Delivery,5
O00947,2024-01-21,P385,Books,337.95,PayPal,3
O00948,2023-01-05,P112,Beauty,131.19,PayPal,1
O00949,2024-05-12,P896,Toys,828.3,Bank Transfer,2
O00950,2024-07-08,P662,Books,729.01,Credit Card,5
O00951,2024-01-17,P124,Clothing,594.98,PayPal,1
O00952,2023-11-05,P980,Electronics,385.42,Debit Card,5
O00953,2023-10-22,P749,Beauty,615.63,Cash on Delivery,1
O00954,2024-11-15,P416,Toys,484.93,Credit Card,2
O00955,2024-02-11,P569,Toys,868.98,PayPal,1
O00956,2024-10-29,P820,Electronics,375.3,Cash on Delivery,4
O00957,2023-08-11,P113,Clothing,890.98,Credit Card,1
O00958,2023-02-14,P232,Home,619.98,Credit Card,4
O00959,2023-02-21,P856,Beauty,259.14,Credit Card,1
O00960,2024-03-01,P864,Home,386.95,Credit Card,4
O00961,2024-07-27,P948,Electronics,402.05,Debit Card,2
O00962,2024-03-03,P730,Sports,850.31,Cash on Delivery,4
O00963,2024-11-09,P455,Beauty,751.55,Bank Transfer,5
O00964,2023-10-31,P914,Home,311.64,Debit Card,1
O00965,2024-09-25,P193,Books,669.38,Debit Card,2
O00966,2023-09-24,P439,Home,338.45,Debit Card,2
O00967,2024-10-20,P653,Books,162.55,Cash on Delivery,2
O00968,2024-09-19,P255,Home,58.55,Bank Transfer,2
O00969,2023-10-27,P649,Clothing,704.2,Cash on Delivery,5
O00970,2023-06-08,P586,Home,818.62,Bank Transfer,5
O00971,2023-09-29,P342,Toys,933.94,PayPal,4
O00972,2024-08-12,P926,Toys,260.19,Debit Card,1
O00973,2023-03-12,P617,Beauty,24.95,Bank Transfer,1
O00974,2024-10-26,P330,Books,697.51,Bank Transfer,2
O00975,2023-04-27,P450,Books,181.67,Bank Transfer,5
O00976,2024-09-01,P773,Home,859.79,Credit Card,2
O00977,2024-02-23,P214,Electronics,909.04,Credit Card,3
O00978,2023-12-12,P730,Toys,391.05,Cash on Delivery,3
O00979,2023-10-04,P808,Sports,387.52,PayPal,2
O00980,2024-01-22,P119,Beauty,76.44,PayPal,1
O00981,2024-04-04,P838,Clothing,873.78,Credit Card,5
O00982,2024-05-27,P489,Home,447.62,Bank Transfer,5
O00983,2023-01-19,P799,Toys,658.71,Credit Card,3
O00984,2023-09-18,P325,Toys,356.94,Credit Card,2
O00985,2024-05-25,P555,Books,592.41,Credit Card,3
O00986,2024-06-22,P235,Beauty,617.39,Bank Transfer,5
O00987,2023-02-06,P732,Toys,492.96,PayPal,3
O00988,2023-02-21,P313,Toys,714.68,Debit Card,2
O00989,2023-08-25,P652,Electronics,116.33,Credit Card,4
O00990,2023-08-27,P690,Toys,129.05,Credit Card,1
O00991,2023-02-20,P107,Home,693.66,Bank Transfer,1
O00992,2024-03-26,P120,Sports,309.47,Credit Card,4
O00993,2023-01-28,P127,Home,922.94,PayPal,4
O00994,2023-02-21,P657,Toys,16.27,PayPal,4
O00995,2023-02-14,P602,Toys,954.23,Bank Transfer,4
O00996,2023-03-04,P331,Electronics,877.9,Debit Card,3
O00997,2024-07-15,P796,Home,815.39,Cash on Delivery,1
O00998,2024-10-28,P673,Toys,586.68,Cash on Delivery,4
O00999,2023-07-12,P822,Books,695.0,Debit Card,3
O01000,2023-07-21,P416,Clothing,854.55,Debit Card,3
